품번,단가,적용일
RM-1001,3000,2026-07-01
RM-1001,3200,2026-08-01
RM-1002,4100,2026-07-01
RM-1003,2750,2026-07-01
RM-1004,5200,2026-07-01
RM-2001,120,2026-07-01
RM-2002,95,2026-07-01
RM-2003,310,2026-07-01
RM-2004,150,2026-07-01
RM-3001,45,2026-07-01
RM-3002,60,2026-07-01
RM-3004,38,2026-07-01
FG-501,18000,2026-07-01
FG-502,22000,2026-07-01
FG-503,35000,2026-07-01
FG-504,12000,2026-07-01
FG-504,12500,2026-08-01
FG-505,15000,2026-07-01
FG-506,41000,2026-07-01
FG-507,27000,2026-07-01
