품번,입고일자,입고수량
FG-507,2025-03-10,23
FG-507,2025-04-02,45
RM-2003,2025-04-10,180
RM-3003,2025-05-10,120
RM-2003,2025-05-20,360
RM-3003,2025-06-15,405
FG-503,2025-10-10,27
RM-1004,2025-11-10,45
FG-503,2025-11-20,54
RM-1004,2025-12-02,90
RM-3004,2025-12-10,600
RM-3004,2026-01-10,1380
FG-506,2026-04-10,36
RM-3002,2026-05-10,360
FG-506,2026-05-12,36
RM-3002,2026-06-03,360
RM-1002,2026-06-10,240
RM-1001,2026-07-10,360
RM-1003,2026-07-10,90
RM-2001,2026-07-10,1500
RM-2002,2026-07-10,720
RM-2004,2026-07-10,1
RM-3001,2026-07-10,2700
FG-501,2026-07-10,120
FG-502,2026-07-10,78
FG-504,2026-07-10,150
FG-505,2026-07-10,1
RM-1002,2026-07-15,432
RM-3001,2026-08-01,4980
FG-502,2026-08-02,132
RM-2002,2026-08-11,1650
RM-2001,2026-08-18,2760
FG-504,2026-08-19,372
RM-1001,2026-08-20,810
RM-2004,2026-08-22,540
FG-505,2026-08-25,90
RM-1003,2026-08-26,360
FG-501,2026-08-27,276
