품번,출고일자,출고수량
FG-507,2025-05-10,19
RM-2003,2025-06-10,150
FG-507,2025-06-30,38
RM-2003,2025-07-01,300
FG-503,2025-12-10,23
RM-3004,2026-01-10,500
FG-503,2026-01-15,45
RM-1004,2026-02-10,38
RM-3004,2026-02-20,1150
RM-1004,2026-03-10,75
RM-2002,2026-05-10,600
FG-504,2026-06-10,125
RM-2002,2026-06-12,1375
FG-504,2026-07-02,310
RM-1001,2026-07-10,300
RM-1002,2026-07-10,200
RM-1003,2026-07-10,75
RM-2001,2026-07-10,1250
RM-3001,2026-07-10,2250
RM-3002,2026-07-10,300
FG-501,2026-07-10,100
FG-502,2026-07-10,65
FG-506,2026-07-10,30
RM-1003,2026-08-05,300
FG-506,2026-08-10,30
RM-3002,2026-08-14,300
FG-502,2026-08-21,110
RM-1002,2026-08-25,360
RM-1001,2026-08-28,675
RM-3001,2026-08-29,4150
FG-501,2026-08-29,230
RM-2001,2026-08-30,2300
